<?xml version="1.0" encoding="UTF-8"?>
<project-private xmlns="http://www.netbeans.org/ns/project-private/1">
    <editor-bookmarks xmlns="http://www.netbeans.org/ns/editor-bookmarks/2" lastBookmarkId="0"/>
    <open-files xmlns="http://www.netbeans.org/ns/projectui-open-files/2">
        <group>
            <file>file:/C:/Users/dam/Desktop/dam_apuntes/ACDAT/MVC_Vehiculos/src/TestVehiculos/TestVehiculos.java</file>
            <file>file:/C:/Users/dam/Desktop/dam_apuntes/ACDAT/MVC_Vehiculos/src/DAOs/IDAOVehiculo.java</file>
            <file>file:/C:/Users/dam/Desktop/dam_apuntes/ACDAT/MVC_Vehiculos/src/DAOs/DAOVehiculoImpl.java</file>
            <file>file:/C:/Users/dam/Desktop/dam_apuntes/ACDAT/MVC_Vehiculos/src/Vista/PanelAcercaDe.java</file>
            <file>file:/C:/Users/dam/Desktop/dam_apuntes/ACDAT/MVC_Vehiculos/src/Controller/ControllerCRUD.java</file>
            <file>file:/C:/Users/dam/Desktop/dam_apuntes/ACDAT/MVC_Vehiculos/src/Vista/PanelJuego.java</file>
            <file>file:/C:/Users/dam/Desktop/dam_apuntes/ACDAT/MVC_Vehiculos/src/Vista/PanelCRUD.java</file>
            <file>file:/C:/Users/dam/Desktop/dam_apuntes/ACDAT/MVC_Vehiculos/src/DAOs/BD1.java</file>
            <file>file:/C:/Users/dam/Desktop/dam_apuntes/ACDAT/MVC_Vehiculos/src/Vista/VentanaPrincipal.java</file>
        </group>
    </open-files>
</project-private>
